[{"model": "admin.logentry", "pk": 1, "fields": {"action_time": "2023-07-01T09:43:31.327Z", "user": 1, "content_type": 7, "object_id": "1", "object_repr": "Beverages", "action_flag": 1, "change_message": "[{\"added\": {}}]"}}, {"model": "admin.logentry", "pk": 2, "fields": {"action_time": "2023-07-01T10:04:25.545Z", "user": 1, "content_type": 8, "object_id": "1", "object_repr": "MALTA GUINESS", "action_flag": 1, "change_message": "[{\"added\": {}}]"}}, {"model": "admin.logentry", "pk": 3, "fields": {"action_time": "2023-07-01T15:25:30.861Z", "user": 1, "content_type": 7, "object_id": "2", "object_repr": "PEPPER SOUP", "action_flag": 1, "change_message": "[{\"added\": {}}]"}}, {"model": "admin.logentry", "pk": 4, "fields": {"action_time": "2023-07-01T15:25:55.200Z", "user": 1, "content_type": 7, "object_id": "3", "object_repr": "SIDES", "action_flag": 1, "change_message": "[{\"added\": {}}]"}}, {"model": "admin.logentry", "pk": 5, "fields": {"action_time": "2023-07-01T15:26:11.451Z", "user": 1, "content_type": 7, "object_id": "4", "object_repr": "DRINKS", "action_flag": 1, "change_message": "[{\"added\": {}}]"}}, {"model": "admin.logentry", "pk": 6, "fields": {"action_time": "2023-07-01T15:26:29.380Z", "user": 1, "content_type": 7, "object_id": "5", "object_repr": "SOUP Only", "action_flag": 1, "change_message": "[{\"added\": {}}]"}}, {"model": "admin.logentry", "pk": 7, "fields": {"action_time": "2023-07-01T15:26:51.145Z", "user": 1, "content_type": 7, "object_id": "6", "object_repr": "SWALLOW", "action_flag": 1, "change_message": "[{\"added\": {}}]"}}, {"model": "admin.logentry", "pk": 8, "fields": {"action_time": "2023-07-01T15:27:23.337Z", "user": 1, "content_type": 7, "object_id": "7", "object_repr": "full", "action_flag": 1, "change_message": "[{\"added\": {}}]"}}, {"model": "admin.logentry", "pk": 9, "fields": {"action_time": "2023-07-01T15:27:39.800Z", "user": 1, "content_type": 7, "object_id": "7", "object_repr": "full", "action_flag": 2, "change_message": "[]"}}, {"model": "admin.logentry", "pk": 10, "fields": {"action_time": "2023-07-01T15:30:27.908Z", "user": 1, "content_type": 8, "object_id": "2", "object_repr": "Jollof Rice only", "action_flag": 1, "change_message": "[{\"added\": {}}]"}}, {"model": "admin.logentry", "pk": 11, "fields": {"action_time": "2023-07-01T15:30:33.761Z", "user": 1, "content_type": 8, "object_id": "2", "object_repr": "Jollof Rice only", "action_flag": 2, "change_message": "[]"}}, {"model": "admin.logentry", "pk": 12, "fields": {"action_time": "2023-07-01T15:31:05.047Z", "user": 1, "content_type": 8, "object_id": "3", "object_repr": "Jollot Rice with Bee", "action_flag": 1, "change_message": "[{\"added\": {}}]"}}, {"model": "admin.logentry", "pk": 13, "fields": {"action_time": "2023-07-01T15:31:47.608Z", "user": 1, "content_type": 8, "object_id": "4", "object_repr": "Jollof Rice with Fis", "action_flag": 1, "change_message": "[{\"added\": {}}]"}}, {"model": "admin.logentry", "pk": 14, "fields": {"action_time": "2023-07-01T15:32:24.305Z", "user": 1, "content_type": 8, "object_id": "3", "object_repr": "Jollot Rice with Beefffff", "action_flag": 2, "change_message": "[{\"changed\": {\"fields\": [\"Name\"]}}]"}}, {"model": "admin.logentry", "pk": 15, "fields": {"action_time": "2023-07-01T15:32:24.576Z", "user": 1, "content_type": 8, "object_id": "3", "object_repr": "Jollot Rice with Beefffff", "action_flag": 2, "change_message": "[]"}}, {"model": "admin.logentry", "pk": 16, "fields": {"action_time": "2023-07-01T15:32:41.593Z", "user": 1, "content_type": 8, "object_id": "3", "object_repr": "Jollot Rice with Beef", "action_flag": 2, "change_message": "[{\"changed\": {\"fields\": [\"Name\"]}}]"}}, {"model": "admin.logentry", "pk": 17, "fields": {"action_time": "2023-07-01T15:32:47.533Z", "user": 1, "content_type": 8, "object_id": "4", "object_repr": "Jollof Rice with Fish", "action_flag": 2, "change_message": "[{\"changed\": {\"fields\": [\"Name\"]}}]"}}, {"model": "admin.logentry", "pk": 18, "fields": {"action_time": "2023-07-01T15:34:30.617Z", "user": 1, "content_type": 8, "object_id": "5", "object_repr": "Jollof Rice and Plantain (Beef or Fish)", "action_flag": 1, "change_message": "[{\"added\": {}}]"}}, {"model": "admin.logentry", "pk": 19, "fields": {"action_time": "2023-07-01T15:35:15.224Z", "user": 1, "content_type": 8, "object_id": "6", "object_repr": "Jollof Rice and Chicken", "action_flag": 1, "change_message": "[{\"added\": {}}]"}}, {"model": "admin.logentry", "pk": 20, "fields": {"action_time": "2023-07-01T15:37:57.775Z", "user": 1, "content_type": 8, "object_id": "7", "object_repr": "Jollof Rice, Chicken and Plantaln", "action_flag": 1, "change_message": "[{\"added\": {}}]"}}, {"model": "admin.logentry", "pk": 21, "fields": {"action_time": "2023-07-01T15:38:40.537Z", "user": 1, "content_type": 8, "object_id": "8", "object_repr": "Fried Rice", "action_flag": 1, "change_message": "[{\"added\": {}}]"}}, {"model": "admin.logentry", "pk": 22, "fields": {"action_time": "2023-07-01T15:39:13.559Z", "user": 1, "content_type": 8, "object_id": "9", "object_repr": "Agoyin (Mashed Beans) and fried Plantain", "action_flag": 1, "change_message": "[{\"added\": {}}]"}}, {"model": "admin.logentry", "pk": 23, "fields": {"action_time": "2023-07-01T15:39:57.313Z", "user": 1, "content_type": 8, "object_id": "10", "object_repr": "Yam Fries and Sauce", "action_flag": 1, "change_message": "[{\"added\": {}}]"}}, {"model": "admin.logentry", "pk": 24, "fields": {"action_time": "2023-07-01T15:40:15.683Z", "user": 1, "content_type": 7, "object_id": "7", "object_repr": "Full", "action_flag": 2, "change_message": "[{\"changed\": {\"fields\": [\"Name\"]}}]"}}, {"model": "admin.logentry", "pk": 25, "fields": {"action_time": "2023-07-01T15:40:50.319Z", "user": 1, "content_type": 8, "object_id": "10", "object_repr": "Yam Fries and Sauce", "action_flag": 2, "change_message": "[]"}}, {"model": "admin.logentry", "pk": 26, "fields": {"action_time": "2023-07-01T15:41:15.778Z", "user": 1, "content_type": 8, "object_id": "11", "object_repr": "Roast Plantain and Sauce", "action_flag": 1, "change_message": "[{\"added\": {}}]"}}, {"model": "admin.logentry", "pk": 27, "fields": {"action_time": "2023-07-01T15:42:25.914Z", "user": 1, "content_type": 8, "object_id": "12", "object_repr": "Ayamase (Designer Stew) with Rice", "action_flag": 1, "change_message": "[{\"added\": {}}]"}}, {"model": "admin.logentry", "pk": 28, "fields": {"action_time": "2023-07-01T15:43:04.833Z", "user": 1, "content_type": 8, "object_id": "13", "object_repr": "Turkey Wing", "action_flag": 1, "change_message": "[{\"added\": {}}]"}}, {"model": "admin.logentry", "pk": 29, "fields": {"action_time": "2023-07-01T15:43:41.351Z", "user": 1, "content_type": 8, "object_id": "14", "object_repr": "Fish/Beef", "action_flag": 1, "change_message": "[{\"added\": {}}]"}}, {"model": "admin.logentry", "pk": 30, "fields": {"action_time": "2023-07-01T15:44:10.117Z", "user": 1, "content_type": 8, "object_id": "15", "object_repr": "Tilapia Fish", "action_flag": 1, "change_message": "[{\"added\": {}}]"}}, {"model": "admin.logentry", "pk": 31, "fields": {"action_time": "2023-07-01T15:44:57.439Z", "user": 1, "content_type": 8, "object_id": "16", "object_repr": "Tilapia Fish (Solo)", "action_flag": 1, "change_message": "[{\"added\": {}}]"}}, {"model": "admin.logentry", "pk": 32, "fields": {"action_time": "2023-07-01T15:46:06.296Z", "user": 1, "content_type": 8, "object_id": "17", "object_repr": "Tilapia Fish", "action_flag": 1, "change_message": "[{\"added\": {}}]"}}, {"model": "admin.logentry", "pk": 33, "fields": {"action_time": "2023-07-01T15:46:34.516Z", "user": 1, "content_type": 8, "object_id": "18", "object_repr": "Waakye (Rice and Beans) and  Kelewele (Spiced Plantain fries)", "action_flag": 1, "change_message": "[{\"added\": {}}]"}}, {"model": "admin.logentry", "pk": 34, "fields": {"action_time": "2023-07-01T15:47:13.050Z", "user": 1, "content_type": 8, "object_id": "19", "object_repr": "1/4 Spicy Chicken", "action_flag": 1, "change_message": "[{\"added\": {}}]"}}, {"model": "admin.logentry", "pk": 35, "fields": {"action_time": "2023-07-01T15:48:02.045Z", "user": 1, "content_type": 8, "object_id": "20", "object_repr": "Indomie Noodle + Soft Drink + Chicken", "action_flag": 1, "change_message": "[{\"added\": {}}]"}}, {"model": "admin.logentry", "pk": 36, "fields": {"action_time": "2023-07-01T16:10:38.462Z", "user": 1, "content_type": 8, "object_id": "21", "object_repr": "Spicy Indomie Noodle + Soft Drink + Chicken", "action_flag": 1, "change_message": "[{\"added\": {}}]"}}, {"model": "admin.logentry", "pk": 37, "fields": {"action_time": "2023-07-01T16:11:06.458Z", "user": 1, "content_type": 8, "object_id": "22", "object_repr": "Amala Dudu/ Fufu /Pounded Yam/Banku/Eba/Oat/Semo", "action_flag": 1, "change_message": "[{\"added\": {}}]"}}, {"model": "admin.logentry", "pk": 38, "fields": {"action_time": "2023-07-01T16:12:06.497Z", "user": 1, "content_type": 8, "object_id": "23", "object_repr": "Bitterleaf Soup", "action_flag": 1, "change_message": "[{\"added\": {}}]"}}, {"model": "admin.logentry", "pk": 39, "fields": {"action_time": "2023-07-01T16:12:58.032Z", "user": 1, "content_type": 8, "object_id": "24", "object_repr": "Goat Light Soup", "action_flag": 1, "change_message": "[{\"added\": {}}]"}}, {"model": "admin.logentry", "pk": 40, "fields": {"action_time": "2023-07-01T16:13:32.577Z", "user": 1, "content_type": 8, "object_id": "25", "object_repr": "Ayamase (Designer Stew)", "action_flag": 1, "change_message": "[{\"added\": {}}]"}}, {"model": "admin.logentry", "pk": 41, "fields": {"action_time": "2023-07-01T16:14:07.602Z", "user": 1, "content_type": 8, "object_id": "26", "object_repr": "Sea Food Okra", "action_flag": 1, "change_message": "[{\"added\": {}}]"}}, {"model": "admin.logentry", "pk": 42, "fields": {"action_time": "2023-07-01T16:14:39.607Z", "user": 1, "content_type": 8, "object_id": "27", "object_repr": "Shito Sauce", "action_flag": 1, "change_message": "[{\"added\": {}}]"}}, {"model": "admin.logentry", "pk": 43, "fields": {"action_time": "2023-07-01T16:15:28.095Z", "user": 1, "content_type": 8, "object_id": "28", "object_repr": "Peanut Soup", "action_flag": 1, "change_message": "[{\"added\": {}}]"}}, {"model": "admin.logentry", "pk": 44, "fields": {"action_time": "2023-07-01T16:19:41.684Z", "user": 1, "content_type": 8, "object_id": "29", "object_repr": "Egusi Soup", "action_flag": 1, "change_message": "[{\"added\": {}}]"}}, {"model": "admin.logentry", "pk": 45, "fields": {"action_time": "2023-07-01T16:20:19.197Z", "user": 1, "content_type": 8, "object_id": "30", "object_repr": "Ewedu Soup", "action_flag": 1, "change_message": "[{\"added\": {}}]"}}, {"model": "admin.logentry", "pk": 46, "fields": {"action_time": "2023-07-01T16:21:49.369Z", "user": 1, "content_type": 8, "object_id": "31", "object_repr": "Stew + 2 protein (Beef, Fish, Chicken, Shaki or Ponmo )", "action_flag": 1, "change_message": "[{\"added\": {}}]"}}, {"model": "admin.logentry", "pk": 47, "fields": {"action_time": "2023-07-01T16:22:04.941Z", "user": 1, "content_type": 8, "object_id": "32", "object_repr": "Banga Soup", "action_flag": 1, "change_message": "[{\"added\": {}}]"}}, {"model": "admin.logentry", "pk": 48, "fields": {"action_time": "2023-07-01T16:22:37.851Z", "user": 1, "content_type": 8, "object_id": "33", "object_repr": "Ogbono Soup", "action_flag": 1, "change_message": "[{\"added\": {}}]"}}, {"model": "admin.logentry", "pk": 49, "fields": {"action_time": "2023-07-01T16:24:25.408Z", "user": 1, "content_type": 8, "object_id": "34", "object_repr": "Fish/Goat/Assorted Meat Pepper Soup", "action_flag": 1, "change_message": "[{\"added\": {}}]"}}, {"model": "admin.logentry", "pk": 50, "fields": {"action_time": "2023-07-01T16:24:51.759Z", "user": 1, "content_type": 8, "object_id": "35", "object_repr": "Moi Moi Spicy", "action_flag": 1, "change_message": "[{\"added\": {}}]"}}, {"model": "admin.logentry", "pk": 51, "fields": {"action_time": "2023-07-01T16:25:21.980Z", "user": 1, "content_type": 8, "object_id": "36", "object_repr": "Fried Plantain", "action_flag": 1, "change_message": "[{\"added\": {}}]"}}, {"model": "admin.logentry", "pk": 52, "fields": {"action_time": "2023-07-01T16:26:12.761Z", "user": 1, "content_type": 8, "object_id": "37", "object_repr": "7UP", "action_flag": 1, "change_message": "[{\"added\": {}}]"}}, {"model": "admin.logentry", "pk": 53, "fields": {"action_time": "2023-07-01T16:26:35.021Z", "user": 1, "content_type": 8, "object_id": "38", "object_repr": "IRN Bru", "action_flag": 1, "change_message": "[{\"added\": {}}]"}}, {"model": "admin.logentry", "pk": 54, "fields": {"action_time": "2023-07-01T17:23:51.845Z", "user": 1, "content_type": 8, "object_id": "35", "object_repr": "Moi Moi Spicy", "action_flag": 2, "change_message": "[]"}}, {"model": "admin.logentry", "pk": 55, "fields": {"action_time": "2023-07-01T17:23:56.142Z", "user": 1, "content_type": 8, "object_id": "35", "object_repr": "Moi Moi Spicy", "action_flag": 2, "change_message": "[]"}}, {"model": "admin.logentry", "pk": 56, "fields": {"action_time": "2023-07-01T17:24:01.000Z", "user": 1, "content_type": 8, "object_id": "32", "object_repr": "Banga Soup", "action_flag": 2, "change_message": "[]"}}, {"model": "admin.logentry", "pk": 57, "fields": {"action_time": "2023-07-01T17:24:11.110Z", "user": 1, "content_type": 8, "object_id": "1", "object_repr": "MALTA GUINESS", "action_flag": 2, "change_message": "[{\"changed\": {\"fields\": [\"Image\"]}}]"}}, {"model": "admin.logentry", "pk": 58, "fields": {"action_time": "2023-07-01T17:24:19.377Z", "user": 1, "content_type": 8, "object_id": "1", "object_repr": "MALTA GUINESS", "action_flag": 2, "change_message": "[{\"changed\": {\"fields\": [\"Image\"]}}]"}}, {"model": "admin.logentry", "pk": 59, "fields": {"action_time": "2023-07-01T17:35:31.378Z", "user": 1, "content_type": 8, "object_id": "1", "object_repr": "MALTA GUINESS", "action_flag": 2, "change_message": "[{\"changed\": {\"fields\": [\"Image\"]}}]"}}, {"model": "admin.logentry", "pk": 60, "fields": {"action_time": "2023-07-01T17:35:42.213Z", "user": 1, "content_type": 8, "object_id": "1", "object_repr": "MALTA GUINESS", "action_flag": 2, "change_message": "[{\"changed\": {\"fields\": [\"Image\"]}}]"}}, {"model": "admin.logentry", "pk": 61, "fields": {"action_time": "2023-07-01T17:37:37.541Z", "user": 1, "content_type": 8, "object_id": "1", "object_repr": "MALTA GUINESS", "action_flag": 2, "change_message": "[{\"changed\": {\"fields\": [\"Image\"]}}]"}}, {"model": "admin.logentry", "pk": 62, "fields": {"action_time": "2023-07-01T17:37:43.345Z", "user": 1, "content_type": 8, "object_id": "1", "object_repr": "MALTA GUINESS", "action_flag": 2, "change_message": "[{\"changed\": {\"fields\": [\"Image\"]}}]"}}, {"model": "admin.logentry", "pk": 63, "fields": {"action_time": "2023-07-01T17:38:29.819Z", "user": 1, "content_type": 8, "object_id": "1", "object_repr": "MALTA GUINESS", "action_flag": 2, "change_message": "[{\"changed\": {\"fields\": [\"Image\"]}}]"}}, {"model": "admin.logentry", "pk": 64, "fields": {"action_time": "2023-07-01T17:38:48.612Z", "user": 1, "content_type": 8, "object_id": "1", "object_repr": "MALTA GUINESS", "action_flag": 2, "change_message": "[{\"changed\": {\"fields\": [\"Image\"]}}]"}}, {"model": "admin.logentry", "pk": 65, "fields": {"action_time": "2023-07-06T12:12:10.922Z", "user": 1, "content_type": 7, "object_id": "7", "object_repr": "Fulls", "action_flag": 2, "change_message": "[{\"changed\": {\"fields\": [\"Name\"]}}]"}}, {"model": "admin.logentry", "pk": 66, "fields": {"action_time": "2023-07-06T12:12:33.339Z", "user": 1, "content_type": 7, "object_id": "7", "object_repr": "Full", "action_flag": 2, "change_message": "[{\"changed\": {\"fields\": [\"Name\"]}}]"}}, {"model": "admin.logentry", "pk": 67, "fields": {"action_time": "2023-07-06T18:35:46.052Z", "user": 1, "content_type": 4, "object_id": "1", "object_repr": "admin", "action_flag": 2, "change_message": "[{\"changed\": {\"fields\": [\"password\"]}}]"}}, {"model": "admin.logentry", "pk": 68, "fields": {"action_time": "2023-07-06T18:36:05.366Z", "user": 1, "content_type": 4, "object_id": "1", "object_repr": "Desworks", "action_flag": 2, "change_message": "[{\"changed\": {\"fields\": [\"Username\"]}}]"}}, {"model": "admin.logentry", "pk": 69, "fields": {"action_time": "2023-07-14T18:44:49.064Z", "user": 1, "content_type": 9, "object_id": "1", "object_repr": "Chicken Feast", "action_flag": 1, "change_message": "[{\"added\": {}}]"}}, {"model": "admin.logentry", "pk": 70, "fields": {"action_time": "2023-07-14T18:52:06.231Z", "user": 1, "content_type": 9, "object_id": "1", "object_repr": "Chicken Feast", "action_flag": 3, "change_message": ""}}, {"model": "admin.logentry", "pk": 71, "fields": {"action_time": "2023-07-14T18:52:35.228Z", "user": 1, "content_type": 9, "object_id": "2", "object_repr": "Chicken Feast", "action_flag": 1, "change_message": "[{\"added\": {}}]"}}, {"model": "admin.logentry", "pk": 72, "fields": {"action_time": "2023-07-14T18:56:05.088Z", "user": 1, "content_type": 9, "object_id": "2", "object_repr": "Chicken Feast", "action_flag": 3, "change_message": ""}}, {"model": "admin.logentry", "pk": 73, "fields": {"action_time": "2023-07-14T18:56:15.594Z", "user": 1, "content_type": 9, "object_id": "3", "object_repr": "Chicken Feast", "action_flag": 1, "change_message": "[{\"added\": {}}]"}}, {"model": "admin.logentry", "pk": 74, "fields": {"action_time": "2023-07-14T19:06:17.527Z", "user": 1, "content_type": 9, "object_id": "4", "object_repr": "Food Fest", "action_flag": 1, "change_message": "[{\"added\": {}}]"}}, {"model": "admin.logentry", "pk": 75, "fields": {"action_time": "2023-07-14T19:11:31.288Z", "user": 1, "content_type": 9, "object_id": "3", "object_repr": "Chicken Feast", "action_flag": 2, "change_message": "[{\"changed\": {\"fields\": [\"Image\"]}}]"}}, {"model": "admin.logentry", "pk": 76, "fields": {"action_time": "2023-07-15T13:06:26.182Z", "user": 1, "content_type": 7, "object_id": "8", "object_repr": "Break Fast", "action_flag": 1, "change_message": "[{\"added\": {}}]"}}, {"model": "admin.logentry", "pk": 77, "fields": {"action_time": "2023-07-15T13:06:30.204Z", "user": 1, "content_type": 8, "object_id": "39", "object_repr": "Bread, Butter, Sauce & Egg<====================>ú 2.00", "action_flag": 1, "change_message": "[{\"added\": {}}]"}}, {"model": "admin.logentry", "pk": 78, "fields": {"action_time": "2023-07-15T13:06:55.328Z", "user": 1, "content_type": 8, "object_id": "2", "object_repr": "Jollof Rice only<====================>ú 5.99", "action_flag": 2, "change_message": "[{\"changed\": {\"fields\": [\"Price\"]}}]"}}, {"model": "admin.logentry", "pk": 79, "fields": {"action_time": "2023-07-15T13:07:32.807Z", "user": 1, "content_type": 8, "object_id": "4", "object_repr": "Jollof Rice with Fish<====================>ú 8.90", "action_flag": 2, "change_message": "[{\"changed\": {\"fields\": [\"Price\"]}}]"}}, {"model": "admin.logentry", "pk": 80, "fields": {"action_time": "2023-07-15T13:08:13.388Z", "user": 1, "content_type": 8, "object_id": "8", "object_repr": "Fried Rice<====================>ú 5.99", "action_flag": 2, "change_message": "[{\"changed\": {\"fields\": [\"Price\"]}}]"}}, {"model": "admin.logentry", "pk": 81, "fields": {"action_time": "2023-07-15T13:09:21.213Z", "user": 1, "content_type": 8, "object_id": "40", "object_repr": "White Rice Only<====================>ú 4.99", "action_flag": 1, "change_message": "[{\"added\": {}}]"}}, {"model": "admin.logentry", "pk": 82, "fields": {"action_time": "2023-07-15T13:10:25.213Z", "user": 1, "content_type": 8, "object_id": "9", "object_repr": "Agoyin (Mashed Beans)<====================>ú 4.99", "action_flag": 2, "change_message": "[{\"changed\": {\"fields\": [\"Name\", \"Price\"]}}]"}}, {"model": "admin.logentry", "pk": 83, "fields": {"action_time": "2023-07-15T13:11:08.157Z", "user": 1, "content_type": 8, "object_id": "10", "object_repr": "Yam Fries and Sauce<====================>ú 5.45", "action_flag": 2, "change_message": "[{\"changed\": {\"fields\": [\"Price\"]}}]"}}, {"model": "admin.logentry", "pk": 84, "fields": {"action_time": "2023-07-15T13:11:42.520Z", "user": 1, "content_type": 8, "object_id": "12", "object_repr": "Ayamase (Designer Stew) with Rice<====================>ú 9.99", "action_flag": 2, "change_message": "[{\"changed\": {\"fields\": [\"Price\"]}}]"}}, {"model": "admin.logentry", "pk": 85, "fields": {"action_time": "2023-07-15T13:12:10.601Z", "user": 1, "content_type": 8, "object_id": "13", "object_repr": "Turkey Wing<====================>ú 4.99", "action_flag": 2, "change_message": "[{\"changed\": {\"fields\": [\"Price\"]}}]"}}, {"model": "admin.logentry", "pk": 86, "fields": {"action_time": "2023-07-15T13:12:54.540Z", "user": 1, "content_type": 8, "object_id": "18", "object_repr": "Waakye (Rice and Beans) and  Kelewele (Spiced Plantain fries)<====================>ú 12.19", "action_flag": 2, "change_message": "[{\"changed\": {\"fields\": [\"Price\"]}}]"}}, {"model": "admin.logentry", "pk": 87, "fields": {"action_time": "2023-07-15T13:13:14.967Z", "user": 1, "content_type": 8, "object_id": "19", "object_repr": "1/4 Spicy Chicken<====================>ú 4.49", "action_flag": 2, "change_message": "[{\"changed\": {\"fields\": [\"Price\"]}}]"}}, {"model": "admin.logentry", "pk": 88, "fields": {"action_time": "2023-07-15T13:15:50.573Z", "user": 1, "content_type": 8, "object_id": "22", "object_repr": "Amala Dudu/ Fufu /Pounded Yam/Banku/Eba/Oat/Semo/Starch<====================>ú 2.00", "action_flag": 2, "change_message": "[{\"changed\": {\"fields\": [\"Name\", \"Price\"]}}]"}}, {"model": "admin.logentry", "pk": 89, "fields": {"action_time": "2023-07-15T13:16:55.240Z", "user": 1, "content_type": 8, "object_id": "41", "object_repr": "Vegetables<====================>ú 9.99", "action_flag": 1, "change_message": "[{\"added\": {}}]"}}, {"model": "admin.logentry", "pk": 90, "fields": {"action_time": "2023-07-15T13:17:37.935Z", "user": 1, "content_type": 8, "object_id": "27", "object_repr": "Shito Sauce<====================>ú 3.45", "action_flag": 2, "change_message": "[{\"changed\": {\"fields\": [\"Price\"]}}]"}}, {"model": "admin.logentry", "pk": 91, "fields": {"action_time": "2023-07-15T13:18:01.162Z", "user": 1, "content_type": 8, "object_id": "32", "object_repr": "Banga Soup<====================>ú 9.99", "action_flag": 2, "change_message": "[{\"changed\": {\"fields\": [\"Price\"]}}]"}}, {"model": "admin.logentry", "pk": 92, "fields": {"action_time": "2023-07-15T13:18:20.726Z", "user": 1, "content_type": 8, "object_id": "33", "object_repr": "Ogbono Soup<====================>ú 9.99", "action_flag": 2, "change_message": "[{\"changed\": {\"fields\": [\"Price\"]}}]"}}, {"model": "admin.logentry", "pk": 93, "fields": {"action_time": "2023-07-15T13:19:10.873Z", "user": 1, "content_type": 8, "object_id": "33", "object_repr": "Ogbono Soup<====================>ú 8.45", "action_flag": 2, "change_message": "[{\"changed\": {\"fields\": [\"Price\"]}}]"}}, {"model": "admin.logentry", "pk": 94, "fields": {"action_time": "2023-07-15T13:19:32.816Z", "user": 1, "content_type": 8, "object_id": "29", "object_repr": "Egusi Soup<====================>ú 9.45", "action_flag": 2, "change_message": "[{\"changed\": {\"fields\": [\"Price\"]}}]"}}, {"model": "admin.logentry", "pk": 95, "fields": {"action_time": "2023-07-15T13:20:18.455Z", "user": 1, "content_type": 8, "object_id": "42", "object_repr": "Stew + 2 items: Beef, Fish, Ponmo<====================>ú 6.79", "action_flag": 1, "change_message": "[{\"added\": {}}]"}}, {"model": "admin.logentry", "pk": 96, "fields": {"action_time": "2023-07-15T13:20:59.182Z", "user": 1, "content_type": 8, "object_id": "34", "object_repr": "Fish/Goat/Assorted Meat Pepper Soup<====================>ú 5.33", "action_flag": 2, "change_message": "[{\"changed\": {\"fields\": [\"Price\"]}}]"}}, {"model": "admin.logentry", "pk": 97, "fields": {"action_time": "2023-07-15T13:22:32.371Z", "user": 1, "content_type": 8, "object_id": "35", "object_repr": "Moi Moi<====================>ú 2.40", "action_flag": 2, "change_message": "[{\"changed\": {\"fields\": [\"Name\", \"Price\"]}}]"}}, {"model": "admin.logentry", "pk": 98, "fields": {"action_time": "2023-07-15T13:22:55.586Z", "user": 1, "content_type": 8, "object_id": "43", "object_repr": "Akara (3 Balls)<====================>ú 1.00", "action_flag": 1, "change_message": "[{\"added\": {}}]"}}, {"model": "admin.logentry", "pk": 99, "fields": {"action_time": "2023-07-15T13:23:54.681Z", "user": 1, "content_type": 8, "object_id": "1", "object_repr": "Malta Guiness 330ml<====================>ú 1.80", "action_flag": 2, "change_message": "[{\"changed\": {\"fields\": [\"Name\", \"Price\", \"Category\"]}}]"}}, {"model": "admin.logentry", "pk": 100, "fields": {"action_time": "2023-07-15T13:24:13.154Z", "user": 1, "content_type": 8, "object_id": "37", "object_repr": "7UP<====================>ú 1.80", "action_flag": 2, "change_message": "[{\"changed\": {\"fields\": [\"Price\"]}}]"}}, {"model": "admin.logentry", "pk": 101, "fields": {"action_time": "2023-07-15T13:24:32.815Z", "user": 1, "content_type": 8, "object_id": "38", "object_repr": "IRN Bru<====================>ú 1.80", "action_flag": 2, "change_message": "[{\"changed\": {\"fields\": [\"Price\"]}}]"}}, {"model": "admin.logentry", "pk": 102, "fields": {"action_time": "2023-07-15T13:25:00.862Z", "user": 1, "content_type": 8, "object_id": "44", "object_repr": "Coca Cola<====================>ú 1.80", "action_flag": 1, "change_message": "[{\"added\": {}}]"}}, {"model": "admin.logentry", "pk": 103, "fields": {"action_time": "2023-07-15T13:32:02.715Z", "user": 1, "content_type": 8, "object_id": "44", "object_repr": "Coca Cola<====================>ú 1.80", "action_flag": 2, "change_message": "[{\"changed\": {\"fields\": [\"Image\"]}}]"}}, {"model": "admin.logentry", "pk": 104, "fields": {"action_time": "2023-07-15T14:53:49.786Z", "user": 1, "content_type": 8, "object_id": "44", "object_repr": "Coca Cola<================> ú  1.80", "action_flag": 2, "change_message": "[{\"changed\": {\"fields\": [\"Image\"]}}]"}}, {"model": "admin.logentry", "pk": 105, "fields": {"action_time": "2023-07-15T14:54:02.507Z", "user": 1, "content_type": 8, "object_id": "37", "object_repr": "7UP<================> ú  1.80", "action_flag": 2, "change_message": "[{\"changed\": {\"fields\": [\"Image\"]}}]"}}, {"model": "admin.logentry", "pk": 106, "fields": {"action_time": "2023-07-15T14:54:15.719Z", "user": 1, "content_type": 8, "object_id": "38", "object_repr": "IRN Bru<================> ú  1.80", "action_flag": 2, "change_message": "[{\"changed\": {\"fields\": [\"Image\"]}}]"}}, {"model": "admin.logentry", "pk": 107, "fields": {"action_time": "2023-07-15T14:54:26.733Z", "user": 1, "content_type": 8, "object_id": "1", "object_repr": "Malta Guiness 330ml<================> ú  1.80", "action_flag": 2, "change_message": "[{\"changed\": {\"fields\": [\"Image\"]}}]"}}, {"model": "admin.logentry", "pk": 108, "fields": {"action_time": "2023-07-15T14:55:02.651Z", "user": 1, "content_type": 8, "object_id": "34", "object_repr": "Fish/Goat/Assorted Meat Pepper Soup<================> ú  5.33", "action_flag": 2, "change_message": "[{\"changed\": {\"fields\": [\"Image\"]}}]"}}, {"model": "admin.logentry", "pk": 109, "fields": {"action_time": "2023-07-15T14:55:39.040Z", "user": 1, "content_type": 8, "object_id": "9", "object_repr": "Agoyin (Mashed Beans)<================> ú  4.99", "action_flag": 2, "change_message": "[{\"changed\": {\"fields\": [\"Image\"]}}]"}}, {"model": "admin.logentry", "pk": 110, "fields": {"action_time": "2023-07-15T14:57:06.966Z", "user": 1, "content_type": 8, "object_id": "28", "object_repr": "Peanut Soup<================> ú  8.49", "action_flag": 3, "change_message": ""}}, {"model": "admin.logentry", "pk": 111, "fields": {"action_time": "2023-07-15T14:57:07.151Z", "user": 1, "content_type": 8, "object_id": "24", "object_repr": "Goat Light Soup<================> ú  7.64", "action_flag": 3, "change_message": ""}}, {"model": "admin.logentry", "pk": 112, "fields": {"action_time": "2023-07-15T14:57:07.267Z", "user": 1, "content_type": 8, "object_id": "23", "object_repr": "Bitterleaf Soup<================> ú  7.64", "action_flag": 3, "change_message": ""}}, {"model": "admin.logentry", "pk": 113, "fields": {"action_time": "2023-07-15T14:59:24.808Z", "user": 1, "content_type": 8, "object_id": "29", "object_repr": "Egusi Soup<================> ú  9.45", "action_flag": 2, "change_message": "[{\"changed\": {\"fields\": [\"Image\"]}}]"}}, {"model": "admin.logentry", "pk": 114, "fields": {"action_time": "2023-07-15T15:04:35.739Z", "user": 1, "content_type": 8, "object_id": "25", "object_repr": "Ayamase (Designer Stew)<================> ú  4.99", "action_flag": 2, "change_message": "[{\"changed\": {\"fields\": [\"Image\"]}}]"}}, {"model": "admin.logentry", "pk": 115, "fields": {"action_time": "2023-07-15T15:04:51.493Z", "user": 1, "content_type": 8, "object_id": "33", "object_repr": "Ogbono Soup<================> ú  8.45", "action_flag": 2, "change_message": "[{\"changed\": {\"fields\": [\"Image\"]}}]"}}, {"model": "admin.logentry", "pk": 116, "fields": {"action_time": "2023-07-15T15:05:08.002Z", "user": 1, "content_type": 8, "object_id": "2", "object_repr": "Jollof Rice only<================> ú  5.99", "action_flag": 2, "change_message": "[{\"changed\": {\"fields\": [\"Image\"]}}]"}}, {"model": "admin.logentry", "pk": 117, "fields": {"action_time": "2023-07-15T15:05:31.327Z", "user": 1, "content_type": 8, "object_id": "3", "object_repr": "Jollot Rice with Beef<================> ú  7.91", "action_flag": 2, "change_message": "[{\"changed\": {\"fields\": [\"Image\"]}}]"}}, {"model": "admin.logentry", "pk": 118, "fields": {"action_time": "2023-07-15T15:05:49.926Z", "user": 1, "content_type": 8, "object_id": "4", "object_repr": "Jollof Rice with Fish<================> ú  8.90", "action_flag": 2, "change_message": "[{\"changed\": {\"fields\": [\"Image\"]}}]"}}, {"model": "admin.logentry", "pk": 119, "fields": {"action_time": "2023-07-15T15:07:25.980Z", "user": 1, "content_type": 8, "object_id": "27", "object_repr": "Shito Sauce<================> ú  3.45", "action_flag": 2, "change_message": "[{\"changed\": {\"fields\": [\"Image\"]}}]"}}, {"model": "admin.logentry", "pk": 120, "fields": {"action_time": "2023-07-15T15:08:22.531Z", "user": 1, "content_type": 8, "object_id": "41", "object_repr": "Vegetables<================> ú  9.99", "action_flag": 2, "change_message": "[{\"changed\": {\"fields\": [\"Image\"]}}]"}}, {"model": "admin.logentry", "pk": 121, "fields": {"action_time": "2023-07-15T15:10:31.656Z", "user": 1, "content_type": 8, "object_id": "22", "object_repr": "Amala Dudu/ Fufu /Pounded Yam/Banku/Eba/Oat/Semo/Starch<================> ú  2.00", "action_flag": 2, "change_message": "[{\"changed\": {\"fields\": [\"Image\"]}}]"}}, {"model": "admin.logentry", "pk": 122, "fields": {"action_time": "2023-07-15T15:11:17.578Z", "user": 1, "content_type": 8, "object_id": "42", "object_repr": "Stew + 2 items: Beef, Fish, Ponmo<================> ú  6.79", "action_flag": 2, "change_message": "[{\"changed\": {\"fields\": [\"Image\"]}}]"}}, {"model": "admin.logentry", "pk": 123, "fields": {"action_time": "2023-07-15T15:12:06.386Z", "user": 1, "content_type": 8, "object_id": "39", "object_repr": "Bread, Butter, Sauce & Egg<================> ú  2.00", "action_flag": 2, "change_message": "[{\"changed\": {\"fields\": [\"Image\"]}}]"}}, {"model": "admin.logentry", "pk": 124, "fields": {"action_time": "2023-07-15T15:12:41.803Z", "user": 1, "content_type": 8, "object_id": "36", "object_repr": "Fried Plantain<================> ú  2.12", "action_flag": 2, "change_message": "[{\"changed\": {\"fields\": [\"Image\"]}}]"}}, {"model": "admin.logentry", "pk": 125, "fields": {"action_time": "2023-07-15T15:13:18.325Z", "user": 1, "content_type": 8, "object_id": "35", "object_repr": "Moi Moi<================> ú  2.40", "action_flag": 2, "change_message": "[{\"changed\": {\"fields\": [\"Image\"]}}]"}}, {"model": "admin.logentry", "pk": 126, "fields": {"action_time": "2023-07-15T15:14:27.887Z", "user": 1, "content_type": 8, "object_id": "32", "object_repr": "Banga Soup<================> ú  9.99", "action_flag": 2, "change_message": "[{\"changed\": {\"fields\": [\"Image\"]}}]"}}, {"model": "admin.logentry", "pk": 127, "fields": {"action_time": "2023-07-15T15:14:42.683Z", "user": 1, "content_type": 8, "object_id": "31", "object_repr": "Stew + 2 protein (Beef, Fish, Chicken, Shaki or Ponmo )<================> ú  6.79", "action_flag": 2, "change_message": "[{\"changed\": {\"fields\": [\"Image\"]}}]"}}, {"model": "admin.logentry", "pk": 128, "fields": {"action_time": "2023-07-15T15:15:18.821Z", "user": 1, "content_type": 8, "object_id": "30", "object_repr": "Ewedu Soup<================> ú  6.00", "action_flag": 2, "change_message": "[{\"changed\": {\"fields\": [\"Image\"]}}]"}}, {"model": "admin.logentry", "pk": 129, "fields": {"action_time": "2023-07-15T15:16:25.957Z", "user": 1, "content_type": 8, "object_id": "26", "object_repr": "Sea Food Okra<================> ú  9.99", "action_flag": 2, "change_message": "[{\"changed\": {\"fields\": [\"Image\"]}}]"}}, {"model": "admin.logentry", "pk": 130, "fields": {"action_time": "2023-07-15T15:18:06.201Z", "user": 1, "content_type": 8, "object_id": "25", "object_repr": "Ayamase (Designer Stew)<================> ú  4.99", "action_flag": 2, "change_message": "[{\"changed\": {\"fields\": [\"Image\"]}}]"}}, {"model": "admin.logentry", "pk": 131, "fields": {"action_time": "2023-07-15T15:19:33.373Z", "user": 1, "content_type": 8, "object_id": "21", "object_repr": "Spicy Indomie Noodle + Soft Drink + Chicken<================> ú  4.24", "action_flag": 2, "change_message": "[{\"changed\": {\"fields\": [\"Image\"]}}]"}}, {"model": "admin.logentry", "pk": 132, "fields": {"action_time": "2023-07-15T15:19:47.463Z", "user": 1, "content_type": 8, "object_id": "20", "object_repr": "Indomie Noodle + Soft Drink + Chicken<================> ú  4.22", "action_flag": 2, "change_message": "[{\"changed\": {\"fields\": [\"Image\"]}}]"}}, {"model": "admin.logentry", "pk": 133, "fields": {"action_time": "2023-07-15T15:20:20.478Z", "user": 1, "content_type": 8, "object_id": "19", "object_repr": "1/4 Spicy Chicken<================> ú  4.49", "action_flag": 2, "change_message": "[{\"changed\": {\"fields\": [\"Image\"]}}]"}}, {"model": "admin.logentry", "pk": 134, "fields": {"action_time": "2023-07-15T15:21:24.184Z", "user": 1, "content_type": 8, "object_id": "18", "object_repr": "Waakye (Rice and Beans) and  Kelewele (Spiced Plantain fries)<================> ú  12.19", "action_flag": 2, "change_message": "[{\"changed\": {\"fields\": [\"Image\"]}}]"}}, {"model": "admin.logentry", "pk": 135, "fields": {"action_time": "2023-07-15T15:21:46.011Z", "user": 1, "content_type": 8, "object_id": "17", "object_repr": "Tilapia Fish<================> ú  8.99", "action_flag": 2, "change_message": "[{\"changed\": {\"fields\": [\"Image\"]}}]"}}, {"model": "admin.logentry", "pk": 136, "fields": {"action_time": "2023-07-15T15:23:12.083Z", "user": 1, "content_type": 8, "object_id": "14", "object_repr": "Fish/Beef<================> ú  1.99", "action_flag": 2, "change_message": "[{\"changed\": {\"fields\": [\"Image\"]}}]"}}, {"model": "admin.logentry", "pk": 137, "fields": {"action_time": "2023-07-15T15:23:56.225Z", "user": 1, "content_type": 8, "object_id": "13", "object_repr": "Turkey Wing<================> ú  4.99", "action_flag": 2, "change_message": "[{\"changed\": {\"fields\": [\"Image\"]}}]"}}, {"model": "admin.logentry", "pk": 138, "fields": {"action_time": "2023-07-15T15:25:08.873Z", "user": 1, "content_type": 8, "object_id": "12", "object_repr": "Ayamase (Designer Stew) with Rice<================> ú  9.99", "action_flag": 2, "change_message": "[{\"changed\": {\"fields\": [\"Image\"]}}]"}}, {"model": "admin.logentry", "pk": 139, "fields": {"action_time": "2023-07-15T15:25:55.088Z", "user": 1, "content_type": 8, "object_id": "11", "object_repr": "Roast Plantain and Sauce<================> ú  5.53", "action_flag": 2, "change_message": "[{\"changed\": {\"fields\": [\"Image\"]}}]"}}, {"model": "admin.logentry", "pk": 140, "fields": {"action_time": "2023-07-15T15:27:38.589Z", "user": 1, "content_type": 8, "object_id": "10", "object_repr": "Yam Fries and Sauce<================> ú  5.45", "action_flag": 2, "change_message": "[{\"changed\": {\"fields\": [\"Image\"]}}]"}}, {"model": "admin.logentry", "pk": 141, "fields": {"action_time": "2023-07-15T15:27:57.472Z", "user": 1, "content_type": 8, "object_id": "8", "object_repr": "Fried Rice<================> ú  5.99", "action_flag": 2, "change_message": "[{\"changed\": {\"fields\": [\"Image\"]}}]"}}, {"model": "admin.logentry", "pk": 142, "fields": {"action_time": "2023-07-15T15:28:13.707Z", "user": 1, "content_type": 8, "object_id": "7", "object_repr": "Jollof Rice, Chicken and Plantaln<================> ú  8.33", "action_flag": 2, "change_message": "[{\"changed\": {\"fields\": [\"Image\"]}}]"}}, {"model": "admin.logentry", "pk": 143, "fields": {"action_time": "2023-07-15T15:28:26.243Z", "user": 1, "content_type": 8, "object_id": "6", "object_repr": "Jollof Rice and Chicken<================> ú  7.33", "action_flag": 2, "change_message": "[{\"changed\": {\"fields\": [\"Image\"]}}]"}}, {"model": "admin.logentry", "pk": 144, "fields": {"action_time": "2023-07-15T15:29:54.123Z", "user": 1, "content_type": 8, "object_id": "5", "object_repr": "Jollof Rice and Plantain (Beef or Fish)<================> ú  9.19", "action_flag": 2, "change_message": "[{\"changed\": {\"fields\": [\"Image\"]}}]"}}, {"model": "admin.logentry", "pk": 145, "fields": {"action_time": "2023-07-15T15:30:56.848Z", "user": 1, "content_type": 8, "object_id": "40", "object_repr": "White Rice Only<================> ú  4.99", "action_flag": 2, "change_message": "[{\"changed\": {\"fields\": [\"Image\"]}}]"}}, {"model": "admin.logentry", "pk": 146, "fields": {"action_time": "2023-07-15T15:32:49.115Z", "user": 1, "content_type": 8, "object_id": "43", "object_repr": "Akara (3 Balls)<================> ú  1.00", "action_flag": 2, "change_message": "[{\"changed\": {\"fields\": [\"Image\"]}}]"}}, {"model": "admin.logentry", "pk": 147, "fields": {"action_time": "2023-07-15T15:33:57.830Z", "user": 1, "content_type": 8, "object_id": "15", "object_repr": "Tilapia Fish<================> ú  8.99", "action_flag": 2, "change_message": "[{\"changed\": {\"fields\": [\"Image\"]}}]"}}, {"model": "admin.logentry", "pk": 148, "fields": {"action_time": "2023-07-15T15:34:07.960Z", "user": 1, "content_type": 8, "object_id": "16", "object_repr": "Tilapia Fish (Solo)<================> ú  4.99", "action_flag": 2, "change_message": "[{\"changed\": {\"fields\": [\"Image\"]}}]"}}, {"model": "auth.permission", "pk": 1, "fields": {"name": "Can add log entry", "content_type": 1, "codename": "add_logentry"}}, {"model": "auth.permission", "pk": 2, "fields": {"name": "Can change log entry", "content_type": 1, "codename": "change_logentry"}}, {"model": "auth.permission", "pk": 3, "fields": {"name": "Can delete log entry", "content_type": 1, "codename": "delete_logentry"}}, {"model": "auth.permission", "pk": 4, "fields": {"name": "Can view log entry", "content_type": 1, "codename": "view_logentry"}}, {"model": "auth.permission", "pk": 5, "fields": {"name": "Can add permission", "content_type": 2, "codename": "add_permission"}}, {"model": "auth.permission", "pk": 6, "fields": {"name": "Can change permission", "content_type": 2, "codename": "change_permission"}}, {"model": "auth.permission", "pk": 7, "fields": {"name": "Can delete permission", "content_type": 2, "codename": "delete_permission"}}, {"model": "auth.permission", "pk": 8, "fields": {"name": "Can view permission", "content_type": 2, "codename": "view_permission"}}, {"model": "auth.permission", "pk": 9, "fields": {"name": "Can add group", "content_type": 3, "codename": "add_group"}}, {"model": "auth.permission", "pk": 10, "fields": {"name": "Can change group", "content_type": 3, "codename": "change_group"}}, {"model": "auth.permission", "pk": 11, "fields": {"name": "Can delete group", "content_type": 3, "codename": "delete_group"}}, {"model": "auth.permission", "pk": 12, "fields": {"name": "Can view group", "content_type": 3, "codename": "view_group"}}, {"model": "auth.permission", "pk": 13, "fields": {"name": "Can add user", "content_type": 4, "codename": "add_user"}}, {"model": "auth.permission", "pk": 14, "fields": {"name": "Can change user", "content_type": 4, "codename": "change_user"}}, {"model": "auth.permission", "pk": 15, "fields": {"name": "Can delete user", "content_type": 4, "codename": "delete_user"}}, {"model": "auth.permission", "pk": 16, "fields": {"name": "Can view user", "content_type": 4, "codename": "view_user"}}, {"model": "auth.permission", "pk": 17, "fields": {"name": "Can add content type", "content_type": 5, "codename": "add_contenttype"}}, {"model": "auth.permission", "pk": 18, "fields": {"name": "Can change content type", "content_type": 5, "codename": "change_contenttype"}}, {"model": "auth.permission", "pk": 19, "fields": {"name": "Can delete content type", "content_type": 5, "codename": "delete_contenttype"}}, {"model": "auth.permission", "pk": 20, "fields": {"name": "Can view content type", "content_type": 5, "codename": "view_contenttype"}}, {"model": "auth.permission", "pk": 21, "fields": {"name": "Can add session", "content_type": 6, "codename": "add_session"}}, {"model": "auth.permission", "pk": 22, "fields": {"name": "Can change session", "content_type": 6, "codename": "change_session"}}, {"model": "auth.permission", "pk": 23, "fields": {"name": "Can delete session", "content_type": 6, "codename": "delete_session"}}, {"model": "auth.permission", "pk": 24, "fields": {"name": "Can view session", "content_type": 6, "codename": "view_session"}}, {"model": "auth.permission", "pk": 25, "fields": {"name": "Can add category", "content_type": 7, "codename": "add_category"}}, {"model": "auth.permission", "pk": 26, "fields": {"name": "Can change category", "content_type": 7, "codename": "change_category"}}, {"model": "auth.permission", "pk": 27, "fields": {"name": "Can delete category", "content_type": 7, "codename": "delete_category"}}, {"model": "auth.permission", "pk": 28, "fields": {"name": "Can view category", "content_type": 7, "codename": "view_category"}}, {"model": "auth.permission", "pk": 29, "fields": {"name": "Can add menu", "content_type": 8, "codename": "add_menu"}}, {"model": "auth.permission", "pk": 30, "fields": {"name": "Can change menu", "content_type": 8, "codename": "change_menu"}}, {"model": "auth.permission", "pk": 31, "fields": {"name": "Can delete menu", "content_type": 8, "codename": "delete_menu"}}, {"model": "auth.permission", "pk": 32, "fields": {"name": "Can view menu", "content_type": 8, "codename": "view_menu"}}, {"model": "auth.permission", "pk": 33, "fields": {"name": "Can add event", "content_type": 9, "codename": "add_event"}}, {"model": "auth.permission", "pk": 34, "fields": {"name": "Can change event", "content_type": 9, "codename": "change_event"}}, {"model": "auth.permission", "pk": 35, "fields": {"name": "Can delete event", "content_type": 9, "codename": "delete_event"}}, {"model": "auth.permission", "pk": 36, "fields": {"name": "Can view event", "content_type": 9, "codename": "view_event"}}, {"model": "auth.user", "pk": 1, "fields": {"password": "pbkdf2_sha256$600000$YhQkjpCu4edEc5kviaXrNj$I3i9GK7xkp7UT13oopOeXAdf7k+G/dHEu7OG2Mfp7SM=", "last_login": "2023-07-15T12:56:47.650Z", "is_superuser": true, "username": "Desworks", "first_name": "", "last_name": "", "email": "", "is_staff": true, "is_active": true, "date_joined": "2023-07-01T09:40:58Z", "groups": [], "user_permissions": []}}, {"model": "contenttypes.contenttype", "pk": 1, "fields": {"app_label": "admin", "model": "logentry"}}, {"model": "contenttypes.contenttype", "pk": 2, "fields": {"app_label": "auth", "model": "permission"}}, {"model": "contenttypes.contenttype", "pk": 3, "fields": {"app_label": "auth", "model": "group"}}, {"model": "contenttypes.contenttype", "pk": 4, "fields": {"app_label": "auth", "model": "user"}}, {"model": "contenttypes.contenttype", "pk": 5, "fields": {"app_label": "contenttypes", "model": "contenttype"}}, {"model": "contenttypes.contenttype", "pk": 6, "fields": {"app_label": "sessions", "model": "session"}}, {"model": "contenttypes.contenttype", "pk": 7, "fields": {"app_label": "abiscemenu", "model": "category"}}, {"model": "contenttypes.contenttype", "pk": 8, "fields": {"app_label": "abiscemenu", "model": "menu"}}, {"model": "contenttypes.contenttype", "pk": 9, "fields": {"app_label": "abiscemenu", "model": "event"}}, {"model": "sessions.session", "pk": "7n8jw4rb5f0sc4ci444hodgmhxma9kb7", "fields": {"session_data": ".eJxVjDsOwyAQBe9CHSF-NmzK9D4DWmAJTiKQjF1FuXtsyUXSvpl5b-ZxW4vfOi1-TuzKJLv8bgHjk-oB0gPrvfHY6rrMgR8KP2nnU0v0up3u30HBXvZaoyNjhYvCaoVmBMqG3BBABRhRWAlOWp3TgCnorAyhBJKQDVqxK5p9vtAwN34:1qKepL:bcxSFkNviq1A86lwGRbdqP82BoOphPzEc4lWd0sSahs", "expire_date": "2023-07-29T12:56:47.899Z"}}, {"model": "sessions.session", "pk": "y1j0t1v1lwuiw72eygtae1hcu42313tr", "fields": {"session_data": ".eJxVjDsOwyAQBe9CHSF-NmzK9D4DWmAJTiKQjF1FuXtsyUXSvpl5b-ZxW4vfOi1-TuzKJLv8bgHjk-oB0gPrvfHY6rrMgR8KP2nnU0v0up3u30HBXvZaoyNjhYvCaoVmBMqG3BBABRhRWAlOWp3TgCnorAyhBJKQDVqxK5p9vtAwN34:1qKLbf:UZsG49DsDl-aSW9irO5EB9XM4ncsanqGfg9mbqWude4", "expire_date": "2023-07-28T16:25:23.278Z"}}, {"model": "abiscemenu.category", "pk": 1, "fields": {"name": "Beverages"}}, {"model": "abiscemenu.category", "pk": 2, "fields": {"name": "PEPPER SOUP"}}, {"model": "abiscemenu.category", "pk": 3, "fields": {"name": "SIDES"}}, {"model": "abiscemenu.category", "pk": 4, "fields": {"name": "DRINKS"}}, {"model": "abiscemenu.category", "pk": 5, "fields": {"name": "SOUP Only"}}, {"model": "abiscemenu.category", "pk": 6, "fields": {"name": "SWALLOW"}}, {"model": "abiscemenu.category", "pk": 7, "fields": {"name": "Full"}}, {"model": "abiscemenu.category", "pk": 8, "fields": {"name": "Break Fast"}}, {"model": "abiscemenu.menu", "pk": 1, "fields": {"name": "Malta Guiness 330ml", "price": "1.80", "image": "food_pic/xciil9a4.png", "category": 4}}, {"model": "abiscemenu.menu", "pk": 2, "fields": {"name": "Jollof Rice only", "price": "5.99", "image": "food_pic/savingpng_png-768x1024.jpg", "category": 7}}, {"model": "abiscemenu.menu", "pk": 3, "fields": {"name": "Jollot Rice with Beef", "price": "7.91", "image": "food_pic/Screenshot_20230612-080609_1.jpg", "category": 7}}, {"model": "abiscemenu.menu", "pk": 4, "fields": {"name": "Jollof Rice with Fish", "price": "8.90", "image": "food_pic/WhatsApp_Image_2023-06-16_at_5.13.57_PM_2.jpeg", "category": 7}}, {"model": "abiscemenu.menu", "pk": 5, "fields": {"name": "Jollof Rice and Plantain (Beef or Fish)", "price": "9.19", "image": "food_pic/maxresdefault.jpg", "category": 7}}, {"model": "abiscemenu.menu", "pk": 6, "fields": {"name": "Jollof Rice and Chicken", "price": "7.33", "image": "food_pic/WhatsApp_Image_2023-06-16_at_5.13.59_PM.jpeg", "category": 7}}, {"model": "abiscemenu.menu", "pk": 7, "fields": {"name": "Jollof Rice, Chicken and Plantaln", "price": "8.33", "image": "food_pic/WhatsApp_Image_2023-06-16_at_5.13.59_PM_2_qMcAei2.jpeg", "category": 7}}, {"model": "abiscemenu.menu", "pk": 8, "fields": {"name": "Fried Rice", "price": "5.99", "image": "food_pic/WhatsApp_Image_2023-06-16_at_5.13.59_PM_2.jpeg", "category": 7}}, {"model": "abiscemenu.menu", "pk": 9, "fields": {"name": "Agoyin (Mashed Beans)", "price": "4.99", "image": "food_pic/1524812173-Ewa-agoyin-beans-recipe.jpg", "category": 7}}, {"model": "abiscemenu.menu", "pk": 10, "fields": {"name": "Yam Fries and Sauce", "price": "5.45", "image": "food_pic/fried-yam-recipe_img_5-768x512.jpg", "category": 7}}, {"model": "abiscemenu.menu", "pk": 11, "fields": {"name": "Roast Plantain and Sauce", "price": "5.53", "image": "food_pic/th_11.jpg", "category": 7}}, {"model": "abiscemenu.menu", "pk": 12, "fields": {"name": "Ayamase (Designer Stew) with Rice", "price": "9.99", "image": "food_pic/th_10.jpg", "category": 7}}, {"model": "abiscemenu.menu", "pk": 13, "fields": {"name": "Turkey Wing", "price": "4.99", "image": "food_pic/th_9.jpg", "category": 7}}, {"model": "abiscemenu.menu", "pk": 14, "fields": {"name": "Fish/Beef", "price": "1.99", "image": "food_pic/R_2.jpg", "category": 7}}, {"model": "abiscemenu.menu", "pk": 15, "fields": {"name": "Tilapia Fish", "price": "8.99", "image": "food_pic/OIP_3.jpg", "category": 7}}, {"model": "abiscemenu.menu", "pk": 16, "fields": {"name": "Tilapia Fish (Solo)", "price": "4.99", "image": "food_pic/R_3.jpg", "category": 7}}, {"model": "abiscemenu.menu", "pk": 17, "fields": {"name": "Tilapia Fish", "price": "8.99", "image": "food_pic/service-1.jpeg", "category": 7}}, {"model": "abiscemenu.menu", "pk": 18, "fields": {"name": "Waakye (Rice and Beans) and  Kelewele (Spiced Plantain fries)", "price": "12.19", "image": "food_pic/th_8.jpg", "category": 7}}, {"model": "abiscemenu.menu", "pk": 19, "fields": {"name": "1/4 Spicy Chicken", "price": "4.49", "image": "food_pic/chicken-1379373_1280.jpg", "category": 7}}, {"model": "abiscemenu.menu", "pk": 20, "fields": {"name": "Indomie Noodle + Soft Drink + Chicken", "price": "4.22", "image": "food_pic/th_7_8pGKk4d.jpg", "category": 7}}, {"model": "abiscemenu.menu", "pk": 21, "fields": {"name": "Spicy Indomie Noodle + Soft Drink + Chicken", "price": "4.24", "image": "food_pic/th_7.jpg", "category": 7}}, {"model": "abiscemenu.menu", "pk": 22, "fields": {"name": "Amala Dudu/ Fufu /Pounded Yam/Banku/Eba/Oat/Semo/Starch", "price": "2.00", "image": "food_pic/Screenshot_20200718-211614-1.jpg", "category": 6}}, {"model": "abiscemenu.menu", "pk": 25, "fields": {"name": "Ayamase (Designer Stew)", "price": "4.99", "image": "food_pic/img_3611_uFYNrUq.jpg", "category": 5}}, {"model": "abiscemenu.menu", "pk": 26, "fields": {"name": "Sea Food Okra", "price": "9.99", "image": "food_pic/Seafood-Okra-blog-4.jpg", "category": 5}}, {"model": "abiscemenu.menu", "pk": 27, "fields": {"name": "Shito Sauce", "price": "3.45", "image": "food_pic/th.jpg", "category": 5}}, {"model": "abiscemenu.menu", "pk": 29, "fields": {"name": "Egusi Soup", "price": "9.45", "image": "food_pic/Screenshot_20230612-080626_1.jpg", "category": 5}}, {"model": "abiscemenu.menu", "pk": 30, "fields": {"name": "Ewedu Soup", "price": "6.00", "image": "food_pic/th_6.jpg", "category": 5}}, {"model": "abiscemenu.menu", "pk": 31, "fields": {"name": "Stew + 2 protein (Beef, Fish, Chicken, Shaki or Ponmo )", "price": "6.79", "image": "food_pic/th_2_l8kYIgp.jpg", "category": 5}}, {"model": "abiscemenu.menu", "pk": 32, "fields": {"name": "Banga Soup", "price": "9.99", "image": "food_pic/th_5.jpg", "category": 5}}, {"model": "abiscemenu.menu", "pk": 33, "fields": {"name": "Ogbono Soup", "price": "8.45", "image": "food_pic/img_3327-1.jpg", "category": 5}}, {"model": "abiscemenu.menu", "pk": 34, "fields": {"name": "Fish/Goat/Assorted Meat Pepper Soup", "price": "5.33", "image": "food_pic/WhatsApp_Image_2023-06-21_at_7.21.09_PM_2.jpeg", "category": 2}}, {"model": "abiscemenu.menu", "pk": 35, "fields": {"name": "Moi Moi", "price": "2.40", "image": "food_pic/R.jpg", "category": 3}}, {"model": "abiscemenu.menu", "pk": 36, "fields": {"name": "Fried Plantain", "price": "2.12", "image": "food_pic/th_4.jpg", "category": 3}}, {"model": "abiscemenu.menu", "pk": 37, "fields": {"name": "7UP", "price": "1.80", "image": "food_pic/images.jpg", "category": 4}}, {"model": "abiscemenu.menu", "pk": 38, "fields": {"name": "IRN Bru", "price": "1.80", "image": "food_pic/8449a8a853c493912ca0e2568000213f.jpg", "category": 4}}, {"model": "abiscemenu.menu", "pk": 39, "fields": {"name": "Bread, Butter, Sauce & Egg", "price": "2.00", "image": "food_pic/th_3.jpg", "category": 8}}, {"model": "abiscemenu.menu", "pk": 40, "fields": {"name": "White Rice Only", "price": "4.99", "image": "food_pic/gettyimages-978924630-1024x1024.jpg", "category": 7}}, {"model": "abiscemenu.menu", "pk": 41, "fields": {"name": "Vegetables", "price": "9.99", "image": "food_pic/Screenshot_20230612-080622_1.jpg", "category": 5}}, {"model": "abiscemenu.menu", "pk": 42, "fields": {"name": "Stew + 2 items: Beef, Fish, Ponmo", "price": "6.79", "image": "food_pic/th_2.jpg", "category": 5}}, {"model": "abiscemenu.menu", "pk": 43, "fields": {"name": "Akara (3 Balls)", "price": "1.00", "image": "food_pic/OIP_2.jpg", "category": 3}}, {"model": "abiscemenu.menu", "pk": 44, "fields": {"name": "Coca Cola", "price": "1.80", "image": "food_pic/152304.jpg", "category": 4}}, {"model": "abiscemenu.event", "pk": 3, "fields": {"name": "Chicken Feast", "breve_description": "The Chicken Feast is a delightful culinary creation that will satisfy your taste buds", "date_time": "2023-07-14T18:56:15.553Z", "image": "events_pic/chicken-1379373_1280_79hmiL2.jpg"}}, {"model": "abiscemenu.event", "pk": 4, "fields": {"name": "Food Fest", "breve_description": "Luxurious Caterin that specializes on NIgerian Foods and International Cuisine", "date_time": "2023-07-14T19:06:17.273Z", "image": "events_pic/food_fest.jpeg"}}]
